Codigo Departamento,Codigo Municipio,Nombre Departamento,Nombre Municipio,Tipo: Municipio / Isla / Area no municipalizada
5,5001,ANTIOQUIA,MEDELLIN,Municipio
5,5002,ANTIOQUIA,ABEJORRAL,Municipio
5,5004,ANTIOQUIA,ABRIAQUI,Municipio
5,5021,ANTIOQUIA,ALEJANDRIA,Municipio
5,5030,ANTIOQUIA,AMAGA,Municipio
5,5031,ANTIOQUIA,AMALFI,Municipio
5,5034,ANTIOQUIA,ANDES,Municipio
5,5036,ANTIOQUIA,ANGELOPOLIS,Municipio
5,5038,ANTIOQUIA,ANGOSTURA,Municipio
5,5040,ANTIOQUIA,ANORI,Municipio
5,5042,ANTIOQUIA,SANTA FE DE ANTIOQUIA,Municipio
5,5044,ANTIOQUIA,ANZA,Municipio
5,5045,ANTIOQUIA,APARTADO,Municipio
5,5051,ANTIOQUIA,ARBOLETES,Municipio
5,5055,ANTIOQUIA,ARGELIA,Municipio
5,5059,ANTIOQUIA,ARMENIA,Municipio
5,5079,ANTIOQUIA,BARBOSA,Municipio
5,5086,ANTIOQUIA,BELMIRA,Municipio
5,5088,ANTIOQUIA,BELLO,Municipio
5,5091,ANTIOQUIA,BETANIA,Municipio
5,5093,ANTIOQUIA,BETULIA,Municipio
5,5101,ANTIOQUIA,CIUDAD BOLIVAR,Municipio
5,5107,ANTIOQUIA,BRICENO,Municipio
5,5113,ANTIOQUIA,BURITICA,Municipio
5,5120,ANTIOQUIA,CACERES,Municipio
5,5125,ANTIOQUIA,CAICEDO,Municipio
5,5129,ANTIOQUIA,CALDAS,Municipio
5,5134,ANTIOQUIA,CAMPAMENTO,Municipio
5,5138,ANTIOQUIA,CANASGORDAS,Municipio
5,5142,ANTIOQUIA,CARACOLI,Municipio
5,5145,ANTIOQUIA,CARAMANTA,Municipio
5,5147,ANTIOQUIA,CAREPA,Municipio
5,5148,ANTIOQUIA,EL CARMEN DE VIBORAL,Municipio
5,5150,ANTIOQUIA,CAROLINA,Municipio
5,5154,ANTIOQUIA,CAUCASIA,Municipio
5,5172,ANTIOQUIA,CHIGORODO,Municipio
5,5190,ANTIOQUIA,CISNEROS,Municipio
5,5197,ANTIOQUIA,COCORNA,Municipio
5,5206,ANTIOQUIA,CONCEPCION,Municipio
5,5209,ANTIOQUIA,CONCORDIA,Municipio
5,5212,ANTIOQUIA,COPACABANA,Municipio
5,5234,ANTIOQUIA,DABEIBA,Municipio
5,5237,ANTIOQUIA,DONMATIAS,Municipio
5,5240,ANTIOQUIA,EBEJICO,Municipio
5,5250,ANTIOQUIA,EL BAGRE,Municipio
5,5264,ANTIOQUIA,ENTRERRIOS,Municipio
5,5266,ANTIOQUIA,ENVIGADO,Municipio
5,5282,ANTIOQUIA,FREDONIA,Municipio
5,5284,ANTIOQUIA,FRONTINO,Municipio
5,5306,ANTIOQUIA,GIRALDO,Municipio
5,5308,ANTIOQUIA,GIRARDOTA,Municipio
5,5310,ANTIOQUIA,GOMEZ PLATA,Municipio
5,5313,ANTIOQUIA,GRANADA,Municipio
5,5315,ANTIOQUIA,GUADALUPE,Municipio
5,5318,ANTIOQUIA,GUARNE,Municipio
5,5321,ANTIOQUIA,GUATAPE,Municipio
5,5347,ANTIOQUIA,HELICONIA,Municipio
5,5353,ANTIOQUIA,HISPANIA,Municipio
5,5360,ANTIOQUIA,ITAGUI,Municipio
5,5361,ANTIOQUIA,ITUANGO,Municipio
5,5364,ANTIOQUIA,JARDIN,Municipio
5,5368,ANTIOQUIA,JERICO,Municipio
5,5376,ANTIOQUIA,LA CEJA,Municipio
5,5380,ANTIOQUIA,LA ESTRELLA,Municipio
5,5390,ANTIOQUIA,LA PINTADA,Municipio
5,5400,ANTIOQUIA,LA UNION,Municipio
5,5411,ANTIOQUIA,LIBORINA,Municipio
5,5425,ANTIOQUIA,MACEO,Municipio
5,5440,ANTIOQUIA,MARINILLA,Municipio
5,5467,ANTIOQUIA,MONTEBELLO,Municipio
5,5475,ANTIOQUIA,MURINDO,Municipio
5,5480,ANTIOQUIA,MUTATA,Municipio
5,5483,ANTIOQUIA,NARINO,Municipio
5,5490,ANTIOQUIA,NECOCLI,Municipio
5,5495,ANTIOQUIA,NECHI,Municipio
5,5501,ANTIOQUIA,OLAYA,Municipio
5,5541,ANTIOQUIA,PENOL,Municipio
5,5543,ANTIOQUIA,PEQUE,Municipio
5,5576,ANTIOQUIA,PUEBLORRICO,Municipio
5,5579,ANTIOQUIA,PUERTO BERRIO,Municipio
5,5585,ANTIOQUIA,PUERTO NARE,Municipio
5,5591,ANTIOQUIA,PUERTO TRIUNFO,Municipio
5,5604,ANTIOQUIA,REMEDIOS,Municipio
5,5607,ANTIOQUIA,RETIRO,Municipio
5,5615,ANTIOQUIA,RIONEGRO,Municipio
5,5628,ANTIOQUIA,SABANALARGA,Municipio
5,5631,ANTIOQUIA,SABANETA,Municipio
5,5642,ANTIOQUIA,SALGAR,Municipio
5,5647,ANTIOQUIA,SAN ANDRES DE CUERQUIA,Municipio
5,5649,ANTIOQUIA,SAN CARLOS,Municipio
5,5652,ANTIOQUIA,SAN FRANCISCO,Municipio
5,5656,ANTIOQUIA,SAN JERONIMO,Municipio
5,5658,ANTIOQUIA,SAN JOSE DE LA MONTANA,Municipio
5,5659,ANTIOQUIA,SAN JUAN DE URABA,Municipio
5,5660,ANTIOQUIA,SAN LUIS,Municipio
5,5664,ANTIOQUIA,SAN PEDRO DE LOS MILAGROS,Municipio
5,5665,ANTIOQUIA,SAN PEDRO DE URABA,Municipio
5,5667,ANTIOQUIA,SAN RAFAEL,Municipio
5,5670,ANTIOQUIA,SAN ROQUE,Municipio
5,5674,ANTIOQUIA,SAN VICENTE FERRER,Municipio
5,5679,ANTIOQUIA,SANTA BARBARA,Municipio
5,5686,ANTIOQUIA,SANTA ROSA DE OSOS,Municipio
5,5690,ANTIOQUIA,SANTO DOMINGO,Municipio
5,5697,ANTIOQUIA,EL SANTUARIO,Municipio
5,5736,ANTIOQUIA,SEGOVIA,Municipio
5,5756,ANTIOQUIA,SONSON,Municipio
5,5761,ANTIOQUIA,SOPETRAN,Municipio
5,5789,ANTIOQUIA,TAMESIS,Municipio
5,5790,ANTIOQUIA,TARAZA,Municipio
5,5792,ANTIOQUIA,TARSO,Municipio
5,5809,ANTIOQUIA,TITIRIBI,Municipio
5,5819,ANTIOQUIA,TOLEDO,Municipio
5,5837,ANTIOQUIA,TURBO,Municipio
5,5842,ANTIOQUIA,URAMITA,Municipio
5,5847,ANTIOQUIA,URRAO,Municipio
5,5854,ANTIOQUIA,VALDIVIA,Municipio
5,5856,ANTIOQUIA,VALPARAISO,Municipio
5,5858,ANTIOQUIA,VEGACHI,Municipio
5,5861,ANTIOQUIA,VENECIA,Municipio
5,5873,ANTIOQUIA,VIGIA DEL FUERTE,Municipio
5,5885,ANTIOQUIA,YALI,Municipio
5,5887,ANTIOQUIA,YARUMAL,Municipio
5,5890,ANTIOQUIA,YOLOMBO,Municipio
5,5893,ANTIOQUIA,YONDO,Municipio
5,5895,ANTIOQUIA,ZARAGOZA,Municipio
8,8001,ATLANTICO,BARRANQUILLA,Municipio
8,8078,ATLANTICO,BARANOA,Municipio
8,8137,ATLANTICO,CAMPO DE LA CRUZ,Municipio
8,8141,ATLANTICO,CANDELARIA,Municipio
8,8296,ATLANTICO,GALAPA,Municipio
8,8372,ATLANTICO,JUAN DE ACOSTA,Municipio
8,8421,ATLANTICO,LURUACO,Municipio
8,8433,ATLANTICO,MALAMBO,Municipio
8,8436,ATLANTICO,MANATI,Municipio
8,8520,ATLANTICO,PALMAR DE VARELA,Municipio
8,8549,ATLANTICO,PIOJO,Municipio
8,8558,ATLANTICO,POLONUEVO,Municipio
8,8560,ATLANTICO,PONEDERA,Municipio
8,8573,ATLANTICO,PUERTO COLOMBIA,Municipio
8,8606,ATLANTICO,REPELON,Municipio
8,8634,ATLANTICO,SABANAGRANDE,Municipio
8,8638,ATLANTICO,SABANALARGA,Municipio
8,8675,ATLANTICO,SANTA LUCIA,Municipio
8,8685,ATLANTICO,SANTO TOMAS,Municipio
8,8758,ATLANTICO,SOLEDAD,Municipio
8,8770,ATLANTICO,SUAN,Municipio
8,8832,ATLANTICO,TUBARA,Municipio
8,8849,ATLANTICO,USIACURI,Municipio
11,11001,BOGOTA. D.C.,BOGOTA. D.C.,Municipio
13,13001,BOLIVAR,CARTAGENA DE INDIAS,Municipio
13,13006,BOLIVAR,ACHI,Municipio
13,13030,BOLIVAR,ALTOS DEL ROSARIO,Municipio
13,13042,BOLIVAR,ARENAL,Municipio
13,13052,BOLIVAR,ARJONA,Municipio
13,13062,BOLIVAR,ARROYOHONDO,Municipio
13,13074,BOLIVAR,BARRANCO DE LOBA,Municipio
13,13140,BOLIVAR,CALAMAR,Municipio
13,13160,BOLIVAR,CANTAGALLO,Municipio
13,13188,BOLIVAR,CICUCO,Municipio
13,13212,BOLIVAR,CORDOBA,Municipio
13,13222,BOLIVAR,CLEMENCIA,Municipio
13,13244,BOLIVAR,EL CARMEN DE BOLIVAR,Municipio
13,13248,BOLIVAR,EL GUAMO,Municipio
13,13268,BOLIVAR,EL PENON,Municipio
13,13300,BOLIVAR,HATILLO DE LOBA,Municipio
13,13430,BOLIVAR,MAGANGUE,Municipio
13,13433,BOLIVAR,MAHATES,Municipio
13,13440,BOLIVAR,MARGARITA,Municipio
13,13442,BOLIVAR,MARIA LA BAJA,Municipio
13,13458,BOLIVAR,MONTECRISTO,Municipio
13,13468,BOLIVAR,SANTA CRUZ DE MOMPOX,Municipio
13,13473,BOLIVAR,MORALES,Municipio
13,13490,BOLIVAR,NOROSI,Municipio
13,13549,BOLIVAR,PINILLOS,Municipio
13,13580,BOLIVAR,REGIDOR,Municipio
13,13600,BOLIVAR,RIO VIEJO,Municipio
13,13620,BOLIVAR,SAN CRISTOBAL,Municipio
13,13647,BOLIVAR,SAN ESTANISLAO,Municipio
13,13650,BOLIVAR,SAN FERNANDO,Municipio
13,13654,BOLIVAR,SAN JACINTO,Municipio
13,13655,BOLIVAR,SAN JACINTO DEL CAUCA,Municipio
13,13657,BOLIVAR,SAN JUAN NEPOMUCENO,Municipio
13,13667,BOLIVAR,SAN MARTIN DE LOBA,Municipio
13,13670,BOLIVAR,SAN PABLO,Municipio
13,13673,BOLIVAR,SANTA CATALINA,Municipio
13,13683,BOLIVAR,SANTA ROSA,Municipio
13,13688,BOLIVAR,SANTA ROSA DEL SUR,Municipio
13,13744,BOLIVAR,SIMITI,Municipio
13,13760,BOLIVAR,SOPLAVIENTO,Municipio
13,13780,BOLIVAR,TALAIGUA NUEVO,Municipio
13,13810,BOLIVAR,TIQUISIO,Municipio
13,13836,BOLIVAR,TURBACO,Municipio
13,13838,BOLIVAR,TURBANA,Municipio
13,13873,BOLIVAR,VILLANUEVA,Municipio
13,13894,BOLIVAR,ZAMBRANO,Municipio
15,15022,BOYACA,ALMEIDA,Municipio
15,15047,BOYACA,AQUITANIA,Municipio
15,15051,BOYACA,ARCABUCO,Municipio
15,15087,BOYACA,BELEN,Municipio
15,15090,BOYACA,BERBEO,Municipio
15,15092,BOYACA,BETEITIVA,Municipio
15,15097,BOYACA,BOAVITA,Municipio
15,15104,BOYACA,BOYACA,Municipio
15,15106,BOYACA,BRICENO,Municipio
15,15109,BOYACA,BUENAVISTA,Municipio
15,15114,BOYACA,BUSBANZA,Municipio
15,15131,BOYACA,CALDAS,Municipio
15,15135,BOYACA,CAMPOHERMOSO,Municipio
15,15162,BOYACA,CERINZA,Municipio
15,15172,BOYACA,CHINAVITA,Municipio
15,15176,BOYACA,CHIQUINQUIRA,Municipio
15,15232,BOYACA,CHIQUIZA,Municipio
15,15180,BOYACA,CHISCAS,Municipio
15,15183,BOYACA,CHITA,Municipio
15,15185,BOYACA,CHITARAQUE,Municipio
15,15187,BOYACA,CHIVATA,Municipio
15,15236,BOYACA,CHIVOR,Municipio
15,15189,BOYACA,CIENEGA,Municipio
15,15204,BOYACA,COMBITA,Municipio
15,15212,BOYACA,COPER,Municipio
15,15215,BOYACA,CORRALES,Municipio
15,15218,BOYACA,COVARACHIA,Municipio
19,19318,CAUCA,GUAPI,Municipio
15,15223,BOYACA,CUBARA,Municipio
15,15224,BOYACA,CUCAITA,Municipio
15,15226,BOYACA,CUITIVA,Municipio
15,15238,BOYACA,DUITAMA,Municipio
15,15244,BOYACA,EL COCUY,Municipio
15,15248,BOYACA,EL ESPINO,Municipio
15,15272,BOYACA,FIRAVITOBA,Municipio
15,15276,BOYACA,FLORESTA,Municipio
15,15293,BOYACA,GACHANTIVA,Municipio
15,15296,BOYACA,GAMEZA,Municipio
15,15299,BOYACA,GARAGOA,Municipio
15,15317,BOYACA,GUACAMAYAS,Municipio
15,15322,BOYACA,GUATEQUE,Municipio
15,15325,BOYACA,GUAYATA,Municipio
15,15332,BOYACA,GUICAN DE LA SIERRA,Municipio
15,15362,BOYACA,IZA,Municipio
15,15367,BOYACA,JENESANO,Municipio
15,15368,BOYACA,JERICO,Municipio
15,15380,BOYACA,LA CAPILLA,Municipio
15,15403,BOYACA,LA UVITA,Municipio
15,15401,BOYACA,LA VICTORIA,Municipio
15,15377,BOYACA,LABRANZAGRANDE,Municipio
15,15425,BOYACA,MACANAL,Municipio
15,15442,BOYACA,MARIPI,Municipio
15,15455,BOYACA,MIRAFLORES,Municipio
15,15464,BOYACA,MONGUA,Municipio
15,15466,BOYACA,MONGUI,Municipio
15,15469,BOYACA,MONIQUIRA,Municipio
15,15476,BOYACA,MOTAVITA,Municipio
15,15480,BOYACA,MUZO,Municipio
15,15491,BOYACA,NOBSA,Municipio
15,15494,BOYACA,NUEVO COLON,Municipio
15,15500,BOYACA,OICATA,Municipio
15,15507,BOYACA,OTANCHE,Municipio
15,15511,BOYACA,PACHAVITA,Municipio
15,15514,BOYACA,PAEZ,Municipio
15,15516,BOYACA,PAIPA,Municipio
15,15518,BOYACA,PAJARITO,Municipio
15,15522,BOYACA,PANQUEBA,Municipio
15,15531,BOYACA,PAUNA,Municipio
15,15533,BOYACA,PAYA,Municipio
15,15537,BOYACA,PAZ DE RIO,Municipio
15,15542,BOYACA,PESCA,Municipio
15,15550,BOYACA,PISBA,Municipio
15,15572,BOYACA,PUERTO BOYACA,Municipio
15,15580,BOYACA,QUIPAMA,Municipio
15,15599,BOYACA,RAMIRIQUI,Municipio
15,15600,BOYACA,RAQUIRA,Municipio
15,15621,BOYACA,RONDON,Municipio
15,15632,BOYACA,SABOYA,Municipio
15,15638,BOYACA,SACHICA,Municipio
15,15646,BOYACA,SAMACA,Municipio
15,15660,BOYACA,SAN EDUARDO,Municipio
15,15664,BOYACA,SAN JOSE DE PARE,Municipio
15,15667,BOYACA,SAN LUIS DE GACENO,Municipio
15,15673,BOYACA,SAN MATEO,Municipio
15,15676,BOYACA,SAN MIGUEL DE SEMA,Municipio
15,15681,BOYACA,SAN PABLO DE BORBUR,Municipio
15,15690,BOYACA,SANTA MARIA,Municipio
15,15693,BOYACA,SANTA ROSA DE VITERBO,Municipio
15,15696,BOYACA,SANTA SOFIA,Municipio
15,15686,BOYACA,SANTANA,Municipio
15,15720,BOYACA,SATIVANORTE,Municipio
15,15723,BOYACA,SATIVASUR,Municipio
15,15740,BOYACA,SIACHOQUE,Municipio
15,15753,BOYACA,SOATA,Municipio
15,15757,BOYACA,SOCHA,Municipio
15,15755,BOYACA,SOCOTA,Municipio
15,15759,BOYACA,SOGAMOSO,Municipio
15,15761,BOYACA,SOMONDOCO,Municipio
15,15762,BOYACA,SORA,Municipio
15,15764,BOYACA,SORACA,Municipio
15,15763,BOYACA,SOTAQUIRA,Municipio
15,15774,BOYACA,SUSACON,Municipio
15,15776,BOYACA,SUTAMARCHAN,Municipio
15,15778,BOYACA,SUTATENZA,Municipio
15,15790,BOYACA,TASCO,Municipio
15,15798,BOYACA,TENZA,Municipio
15,15804,BOYACA,TIBANA,Municipio
15,15806,BOYACA,TIBASOSA,Municipio
15,15808,BOYACA,TINJACA,Municipio
15,15810,BOYACA,TIPACOQUE,Municipio
15,15814,BOYACA,TOCA,Municipio
15,15816,BOYACA,TOGUI,Municipio
15,15820,BOYACA,TOPAGA,Municipio
15,15822,BOYACA,TOTA,Municipio
15,15001,BOYACA,TUNJA,Municipio
15,15832,BOYACA,TUNUNGUA,Municipio
15,15835,BOYACA,TURMEQUE,Municipio
15,15837,BOYACA,TUTA,Municipio
15,15839,BOYACA,TUTAZA,Municipio
15,15842,BOYACA,UMBITA,Municipio
15,15861,BOYACA,VENTAQUEMADA,Municipio
15,15407,BOYACA,VILLA DE LEYVA,Municipio
15,15879,BOYACA,VIRACACHA,Municipio
15,15897,BOYACA,ZETAQUIRA,Municipio
17,17001,CALDAS,MANIZALES,Municipio
17,17013,CALDAS,AGUADAS,Municipio
17,17042,CALDAS,ANSERMA,Municipio
17,17050,CALDAS,ARANZAZU,Municipio
17,17088,CALDAS,BELALCAZAR,Municipio
17,17174,CALDAS,CHINCHINA,Municipio
17,17272,CALDAS,FILADELFIA,Municipio
17,17380,CALDAS,LA DORADA,Municipio
17,17388,CALDAS,LA MERCED,Municipio
17,17433,CALDAS,MANZANARES,Municipio
17,17442,CALDAS,MARMATO,Municipio
17,17444,CALDAS,MARQUETALIA,Municipio
17,17446,CALDAS,MARULANDA,Municipio
17,17486,CALDAS,NEIRA,Municipio
17,17495,CALDAS,NORCASIA,Municipio
17,17513,CALDAS,PACORA,Municipio
17,17524,CALDAS,PALESTINA,Municipio
17,17541,CALDAS,PENSILVANIA,Municipio
17,17614,CALDAS,RIOSUCIO,Municipio
17,17616,CALDAS,RISARALDA,Municipio
17,17653,CALDAS,SALAMINA,Municipio
17,17662,CALDAS,SAMANA,Municipio
17,17665,CALDAS,SAN JOSE,Municipio
17,17777,CALDAS,SUPIA,Municipio
17,17867,CALDAS,VICTORIA,Municipio
17,17873,CALDAS,VILLAMARIA,Municipio
17,17877,CALDAS,VITERBO,Municipio
18,18001,CAQUETA,FLORENCIA,Municipio
18,18029,CAQUETA,ALBANIA,Municipio
18,18094,CAQUETA,BELEN DE LOS ANDAQUIES,Municipio
18,18150,CAQUETA,CARTAGENA DEL CHAIRA,Municipio
18,18205,CAQUETA,CURILLO,Municipio
18,18247,CAQUETA,EL DONCELLO,Municipio
18,18256,CAQUETA,EL PAUJIL,Municipio
18,18410,CAQUETA,LA MONTANITA,Municipio
18,18460,CAQUETA,MILAN,Municipio
18,18479,CAQUETA,MORELIA,Municipio
18,18592,CAQUETA,PUERTO RICO,Municipio
18,18610,CAQUETA,SAN JOSE DEL FRAGUA,Municipio
18,18753,CAQUETA,SAN VICENTE DEL CAGUAN,Municipio
18,18756,CAQUETA,SOLANO,Municipio
18,18785,CAQUETA,SOLITA,Municipio
18,18860,CAQUETA,VALPARAISO,Municipio
19,19001,CAUCA,POPAYAN,Municipio
19,19022,CAUCA,ALMAGUER,Municipio
19,19050,CAUCA,ARGELIA,Municipio
19,19075,CAUCA,BALBOA,Municipio
19,19100,CAUCA,BOLIVAR,Municipio
19,19110,CAUCA,BUENOS AIRES,Municipio
19,19130,CAUCA,CAJIBIO,Municipio
19,19137,CAUCA,CALDONO,Municipio
19,19142,CAUCA,CALOTO,Municipio
19,19212,CAUCA,CORINTO,Municipio
19,19256,CAUCA,EL TAMBO,Municipio
19,19290,CAUCA,FLORENCIA,Municipio
19,19300,CAUCA,GUACHENE,Municipio
19,19355,CAUCA,INZA,Municipio
19,19364,CAUCA,JAMBALO,Municipio
19,19392,CAUCA,LA SIERRA,Municipio
19,19397,CAUCA,LA VEGA,Municipio
19,19418,CAUCA,LOPEZ DE MICAY,Municipio
19,19450,CAUCA,MERCADERES,Municipio
19,19455,CAUCA,MIRANDA,Municipio
19,19473,CAUCA,MORALES,Municipio
19,19513,CAUCA,PADILLA,Municipio
19,19517,CAUCA,PAEZ,Municipio
19,19532,CAUCA,PATIA,Municipio
19,19533,CAUCA,PIAMONTE,Municipio
19,19548,CAUCA,PIENDAMO - TUNIA,Municipio
19,19573,CAUCA,PUERTO TEJADA,Municipio
19,19585,CAUCA,PURACE,Municipio
19,19622,CAUCA,ROSAS,Municipio
19,19693,CAUCA,SAN SEBASTIAN,Municipio
19,19698,CAUCA,SANTANDER DE QUILICHAO,Municipio
19,19701,CAUCA,SANTA ROSA,Municipio
19,19743,CAUCA,SILVIA,Municipio
19,19760,CAUCA,SOTARA PAISPAMBA,Municipio
19,19780,CAUCA,SUAREZ,Municipio
19,19785,CAUCA,SUCRE,Municipio
19,19807,CAUCA,TIMBIO,Municipio
19,19809,CAUCA,TIMBIQUI,Municipio
19,19821,CAUCA,TORIBIO,Municipio
19,19824,CAUCA,TOTORO,Municipio
19,19845,CAUCA,VILLA RICA,Municipio
20,20001,CESAR,VALLEDUPAR,Municipio
20,20011,CESAR,AGUACHICA,Municipio
20,20013,CESAR,AGUSTIN CODAZZI,Municipio
20,20032,CESAR,ASTREA,Municipio
20,20045,CESAR,BECERRIL,Municipio
20,20060,CESAR,BOSCONIA,Municipio
20,20175,CESAR,CHIMICHAGUA,Municipio
20,20178,CESAR,CHIRIGUANA,Municipio
20,20228,CESAR,CURUMANI,Municipio
20,20238,CESAR,EL COPEY,Municipio
20,20250,CESAR,EL PASO,Municipio
20,20295,CESAR,GAMARRA,Municipio
20,20310,CESAR,GONZALEZ,Municipio
20,20383,CESAR,LA GLORIA,Municipio
20,20400,CESAR,LA JAGUA DE IBIRICO,Municipio
20,20443,CESAR,MANAURE BALCON DEL CESAR,Municipio
20,20517,CESAR,PAILITAS,Municipio
20,20550,CESAR,PELAYA,Municipio
20,20570,CESAR,PUEBLO BELLO,Municipio
20,20614,CESAR,RIO DE ORO,Municipio
20,20621,CESAR,LA PAZ,Municipio
20,20710,CESAR,SAN ALBERTO,Municipio
20,20750,CESAR,SAN DIEGO,Municipio
20,20770,CESAR,SAN MARTIN,Municipio
20,20787,CESAR,TAMALAMEQUE,Municipio
23,23001,CORDOBA,MONTERIA,Municipio
23,23068,CORDOBA,AYAPEL,Municipio
23,23079,CORDOBA,BUENAVISTA,Municipio
23,23090,CORDOBA,CANALETE,Municipio
23,23162,CORDOBA,CERETE,Municipio
23,23168,CORDOBA,CHIMA,Municipio
23,23182,CORDOBA,CHINU,Municipio
23,23189,CORDOBA,CIENAGA DE ORO,Municipio
23,23300,CORDOBA,COTORRA,Municipio
23,23350,CORDOBA,LA APARTADA,Municipio
23,23417,CORDOBA,LORICA,Municipio
23,23419,CORDOBA,LOS CORDOBAS,Municipio
23,23464,CORDOBA,MOMIL,Municipio
23,23466,CORDOBA,MONTELIBANO,Municipio
23,23500,CORDOBA,MONITOS,Municipio
23,23555,CORDOBA,PLANETA RICA,Municipio
23,23570,CORDOBA,PUEBLO NUEVO,Municipio
23,23574,CORDOBA,PUERTO ESCONDIDO,Municipio
23,23580,CORDOBA,PUERTO LIBERTADOR,Municipio
23,23586,CORDOBA,PURISIMA DE LA CONCEPCION,Municipio
23,23660,CORDOBA,SAHAGUN,Municipio
23,23670,CORDOBA,SAN ANDRES DE SOTAVENTO,Municipio
23,23672,CORDOBA,SAN ANTERO,Municipio
23,23675,CORDOBA,SAN BERNARDO DEL VIENTO,Municipio
23,23678,CORDOBA,SAN CARLOS,Municipio
23,23682,CORDOBA,SAN JOSE DE URE,Municipio
23,23686,CORDOBA,SAN PELAYO,Municipio
23,23807,CORDOBA,TIERRALTA,Municipio
23,23815,CORDOBA,TUCHIN,Municipio
23,23855,CORDOBA,VALENCIA,Municipio
25,25001,CUNDINAMARCA,AGUA DE DIOS,Municipio
25,25019,CUNDINAMARCA,ALBAN,Municipio
25,25035,CUNDINAMARCA,ANAPOIMA,Municipio
25,25040,CUNDINAMARCA,ANOLAIMA,Municipio
25,25053,CUNDINAMARCA,ARBELAEZ,Municipio
25,25086,CUNDINAMARCA,BELTRAN,Municipio
25,25095,CUNDINAMARCA,BITUIMA,Municipio
25,25099,CUNDINAMARCA,BOJACA,Municipio
25,25120,CUNDINAMARCA,CABRERA,Municipio
25,25123,CUNDINAMARCA,CACHIPAY,Municipio
25,25126,CUNDINAMARCA,CAJICA,Municipio
25,25148,CUNDINAMARCA,CAPARRAPI,Municipio
25,25151,CUNDINAMARCA,CAQUEZA,Municipio
25,25154,CUNDINAMARCA,CARMEN DE CARUPA,Municipio
25,25168,CUNDINAMARCA,CHAGUANI,Municipio
25,25175,CUNDINAMARCA,CHIA,Municipio
25,25178,CUNDINAMARCA,CHIPAQUE,Municipio
25,25181,CUNDINAMARCA,CHOACHI,Municipio
25,25183,CUNDINAMARCA,CHOCONTA,Municipio
25,25200,CUNDINAMARCA,COGUA,Municipio
25,25214,CUNDINAMARCA,COTA,Municipio
25,25224,CUNDINAMARCA,CUCUNUBA,Municipio
25,25245,CUNDINAMARCA,EL COLEGIO,Municipio
25,25258,CUNDINAMARCA,EL PENON,Municipio
25,25260,CUNDINAMARCA,EL ROSAL,Municipio
25,25269,CUNDINAMARCA,FACATATIVA,Municipio
25,25279,CUNDINAMARCA,FOMEQUE,Municipio
25,25281,CUNDINAMARCA,FOSCA,Municipio
25,25286,CUNDINAMARCA,FUNZA,Municipio
25,25288,CUNDINAMARCA,FUQUENE,Municipio
25,25290,CUNDINAMARCA,FUSAGASUGA,Municipio
25,25293,CUNDINAMARCA,GACHALA,Municipio
25,25295,CUNDINAMARCA,GACHANCIPA,Municipio
25,25297,CUNDINAMARCA,GACHETA,Municipio
25,25299,CUNDINAMARCA,GAMA,Municipio
25,25307,CUNDINAMARCA,GIRARDOT,Municipio
25,25312,CUNDINAMARCA,GRANADA,Municipio
25,25317,CUNDINAMARCA,GUACHETA,Municipio
25,25320,CUNDINAMARCA,GUADUAS,Municipio
25,25322,CUNDINAMARCA,GUASCA,Municipio
25,25324,CUNDINAMARCA,GUATAQUI,Municipio
25,25326,CUNDINAMARCA,GUATAVITA,Municipio
25,25328,CUNDINAMARCA,GUAYABAL DE SIQUIMA,Municipio
25,25335,CUNDINAMARCA,GUAYABETAL,Municipio
25,25339,CUNDINAMARCA,GUTIERREZ,Municipio
25,25368,CUNDINAMARCA,JERUSALEN,Municipio
25,25372,CUNDINAMARCA,JUNIN,Municipio
25,25377,CUNDINAMARCA,LA CALERA,Municipio
25,25386,CUNDINAMARCA,LA MESA,Municipio
25,25394,CUNDINAMARCA,LA PALMA,Municipio
25,25398,CUNDINAMARCA,LA PENA,Municipio
25,25402,CUNDINAMARCA,LA VEGA,Municipio
25,25407,CUNDINAMARCA,LENGUAZAQUE,Municipio
25,25426,CUNDINAMARCA,MACHETA,Municipio
25,25430,CUNDINAMARCA,MADRID,Municipio
25,25436,CUNDINAMARCA,MANTA,Municipio
25,25438,CUNDINAMARCA,MEDINA,Municipio
25,25473,CUNDINAMARCA,MOSQUERA,Municipio
25,25483,CUNDINAMARCA,NARINO,Municipio
25,25486,CUNDINAMARCA,NEMOCON,Municipio
25,25488,CUNDINAMARCA,NILO,Municipio
25,25489,CUNDINAMARCA,NIMAIMA,Municipio
25,25491,CUNDINAMARCA,NOCAIMA,Municipio
25,25506,CUNDINAMARCA,VENECIA,Municipio
25,25513,CUNDINAMARCA,PACHO,Municipio
25,25518,CUNDINAMARCA,PAIME,Municipio
25,25524,CUNDINAMARCA,PANDI,Municipio
25,25530,CUNDINAMARCA,PARATEBUENO,Municipio
25,25535,CUNDINAMARCA,PASCA,Municipio
25,25572,CUNDINAMARCA,PUERTO SALGAR,Municipio
25,25580,CUNDINAMARCA,PULI,Municipio
25,25592,CUNDINAMARCA,QUEBRADANEGRA,Municipio
25,25594,CUNDINAMARCA,QUETAME,Municipio
25,25596,CUNDINAMARCA,QUIPILE,Municipio
25,25599,CUNDINAMARCA,APULO,Municipio
25,25612,CUNDINAMARCA,RICAURTE,Municipio
25,25645,CUNDINAMARCA,SAN ANTONIO DEL TEQUENDAMA,Municipio
25,25649,CUNDINAMARCA,SAN BERNARDO,Municipio
25,25653,CUNDINAMARCA,SAN CAYETANO,Municipio
25,25658,CUNDINAMARCA,SAN FRANCISCO,Municipio
25,25662,CUNDINAMARCA,SAN JUAN DE RIOSECO,Municipio
25,25718,CUNDINAMARCA,SASAIMA,Municipio
25,25736,CUNDINAMARCA,SESQUILE,Municipio
25,25740,CUNDINAMARCA,SIBATE,Municipio
25,25743,CUNDINAMARCA,SILVANIA,Municipio
25,25745,CUNDINAMARCA,SIMIJACA,Municipio
25,25754,CUNDINAMARCA,SOACHA,Municipio
25,25758,CUNDINAMARCA,SOPO,Municipio
25,25769,CUNDINAMARCA,SUBACHOQUE,Municipio
25,25772,CUNDINAMARCA,SUESCA,Municipio
25,25777,CUNDINAMARCA,SUPATA,Municipio
25,25779,CUNDINAMARCA,SUSA,Municipio
25,25781,CUNDINAMARCA,SUTATAUSA,Municipio
25,25785,CUNDINAMARCA,TABIO,Municipio
25,25793,CUNDINAMARCA,TAUSA,Municipio
25,25797,CUNDINAMARCA,TENA,Municipio
25,25799,CUNDINAMARCA,TENJO,Municipio
25,25805,CUNDINAMARCA,TIBACUY,Municipio
25,25807,CUNDINAMARCA,TIBIRITA,Municipio
25,25815,CUNDINAMARCA,TOCAIMA,Municipio
25,25817,CUNDINAMARCA,TOCANCIPA,Municipio
25,25823,CUNDINAMARCA,TOPAIPI,Municipio
25,25839,CUNDINAMARCA,UBALA,Municipio
25,25841,CUNDINAMARCA,UBAQUE,Municipio
25,25843,CUNDINAMARCA,VILLA DE SAN DIEGO DE UBATE,Municipio
25,25845,CUNDINAMARCA,UNE,Municipio
25,25851,CUNDINAMARCA,UTICA,Municipio
25,25862,CUNDINAMARCA,VERGARA,Municipio
25,25867,CUNDINAMARCA,VIANI,Municipio
25,25871,CUNDINAMARCA,VILLAGOMEZ,Municipio
25,25873,CUNDINAMARCA,VILLAPINZON,Municipio
25,25875,CUNDINAMARCA,VILLETA,Municipio
25,25878,CUNDINAMARCA,VIOTA,Municipio
25,25885,CUNDINAMARCA,YACOPI,Municipio
25,25898,CUNDINAMARCA,ZIPACON,Municipio
25,25899,CUNDINAMARCA,ZIPAQUIRA,Municipio
27,27001,CHOCO,QUIBDO,Municipio
27,27006,CHOCO,ACANDI,Municipio
27,27025,CHOCO,ALTO BAUDO,Municipio
27,27050,CHOCO,ATRATO,Municipio
27,27073,CHOCO,BAGADO,Municipio
27,27075,CHOCO,BAHIA SOLANO,Municipio
27,27077,CHOCO,BAJO BAUDO,Municipio
27,27099,CHOCO,BOJAYA,Municipio
27,27135,CHOCO,EL CANTON DEL SAN PABLO,Municipio
27,27150,CHOCO,CARMEN DEL DARIEN,Municipio
27,27160,CHOCO,CERTEGUI,Municipio
27,27205,CHOCO,CONDOTO,Municipio
27,27245,CHOCO,EL CARMEN DE ATRATO,Municipio
27,27250,CHOCO,EL LITORAL DEL SAN JUAN,Municipio
27,27361,CHOCO,ISTMINA,Municipio
27,27372,CHOCO,JURADO,Municipio
27,27413,CHOCO,LLORO,Municipio
27,27425,CHOCO,MEDIO ATRATO,Municipio
27,27430,CHOCO,MEDIO BAUDO,Municipio
27,27450,CHOCO,MEDIO SAN JUAN,Municipio
27,27491,CHOCO,NOVITA,Municipio
27,27495,CHOCO,NUQUI,Municipio
27,27580,CHOCO,RIO IRO,Municipio
27,27600,CHOCO,RIO QUITO,Municipio
27,27615,CHOCO,RIOSUCIO,Municipio
27,27660,CHOCO,SAN JOSE DEL PALMAR,Municipio
27,27745,CHOCO,SIPI,Municipio
27,27787,CHOCO,TADO,Municipio
27,27800,CHOCO,UNGUIA,Municipio
27,27810,CHOCO,UNION PANAMERICANA,Municipio
41,41001,HUILA,NEIVA,Municipio
41,41006,HUILA,ACEVEDO,Municipio
41,41013,HUILA,AGRADO,Municipio
41,41016,HUILA,AIPE,Municipio
41,41020,HUILA,ALGECIRAS,Municipio
41,41026,HUILA,ALTAMIRA,Municipio
41,41078,HUILA,BARAYA,Municipio
41,41132,HUILA,CAMPOALEGRE,Municipio
41,41206,HUILA,COLOMBIA,Municipio
41,41244,HUILA,ELIAS,Municipio
41,41298,HUILA,GARZON,Municipio
41,41306,HUILA,GIGANTE,Municipio
41,41319,HUILA,GUADALUPE,Municipio
41,41349,HUILA,HOBO,Municipio
41,41357,HUILA,IQUIRA,Municipio
41,41359,HUILA,ISNOS,Municipio
41,41378,HUILA,LA ARGENTINA,Municipio
41,41396,HUILA,LA PLATA,Municipio
41,41483,HUILA,NATAGA,Municipio
41,41503,HUILA,OPORAPA,Municipio
41,41518,HUILA,PAICOL,Municipio
41,41524,HUILA,PALERMO,Municipio
41,41530,HUILA,PALESTINA,Municipio
41,41548,HUILA,PITAL,Municipio
41,41551,HUILA,PITALITO,Municipio
41,41615,HUILA,RIVERA,Municipio
41,41660,HUILA,SALADOBLANCO,Municipio
41,41668,HUILA,SAN AGUSTIN,Municipio
41,41676,HUILA,SANTA MARIA,Municipio
41,41770,HUILA,SUAZA,Municipio
41,41791,HUILA,TARQUI,Municipio
41,41797,HUILA,TESALIA,Municipio
41,41799,HUILA,TELLO,Municipio
41,41801,HUILA,TERUEL,Municipio
41,41807,HUILA,TIMANA,Municipio
41,41872,HUILA,VILLAVIEJA,Municipio
41,41885,HUILA,YAGUARA,Municipio
44,44001,LA GUAJIRA,RIOHACHA,Municipio
44,44035,LA GUAJIRA,ALBANIA,Municipio
44,44078,LA GUAJIRA,BARRANCAS,Municipio
44,44090,LA GUAJIRA,DIBULLA,Municipio
44,44098,LA GUAJIRA,DISTRACCION,Municipio
44,44110,LA GUAJIRA,EL MOLINO,Municipio
44,44279,LA GUAJIRA,FONSECA,Municipio
44,44378,LA GUAJIRA,HATONUEVO,Municipio
44,44420,LA GUAJIRA,LA JAGUA DEL PILAR,Municipio
44,44430,LA GUAJIRA,MAICAO,Municipio
44,44560,LA GUAJIRA,MANAURE,Municipio
44,44650,LA GUAJIRA,SAN JUAN DEL CESAR,Municipio
44,44847,LA GUAJIRA,URIBIA,Municipio
44,44855,LA GUAJIRA,URUMITA,Municipio
44,44874,LA GUAJIRA,VILLANUEVA,Municipio
47,47001,MAGDALENA,SANTA MARTA,Municipio
47,47030,MAGDALENA,ALGARROBO,Municipio
47,47053,MAGDALENA,ARACATACA,Municipio
47,47058,MAGDALENA,ARIGUANI,Municipio
47,47161,MAGDALENA,CERRO DE SAN ANTONIO,Municipio
47,47170,MAGDALENA,CHIVOLO,Municipio
47,47189,MAGDALENA,CIENAGA,Municipio
47,47205,MAGDALENA,CONCORDIA,Municipio
47,47245,MAGDALENA,EL BANCO,Municipio
47,47258,MAGDALENA,EL PINON,Municipio
47,47268,MAGDALENA,EL RETEN,Municipio
47,47288,MAGDALENA,FUNDACION,Municipio
47,47318,MAGDALENA,GUAMAL,Municipio
47,47460,MAGDALENA,NUEVA GRANADA,Municipio
47,47541,MAGDALENA,PEDRAZA,Municipio
47,47545,MAGDALENA,PIJINO DEL CARMEN,Municipio
47,47551,MAGDALENA,PIVIJAY,Municipio
47,47555,MAGDALENA,PLATO,Municipio
47,47570,MAGDALENA,PUEBLOVIEJO,Municipio
47,47605,MAGDALENA,REMOLINO,Municipio
47,47660,MAGDALENA,SABANAS DE SAN ANGEL,Municipio
47,47675,MAGDALENA,SALAMINA,Municipio
47,47692,MAGDALENA,SAN SEBASTIAN DE BUENAVISTA,Municipio
47,47703,MAGDALENA,SAN ZENON,Municipio
47,47707,MAGDALENA,SANTA ANA,Municipio
47,47720,MAGDALENA,SANTA BARBARA DE PINTO,Municipio
47,47745,MAGDALENA,SITIONUEVO,Municipio
47,47798,MAGDALENA,TENERIFE,Municipio
47,47960,MAGDALENA,ZAPAYAN,Municipio
47,47980,MAGDALENA,ZONA BANANERA,Municipio
50,50001,META,VILLAVICENCIO,Municipio
50,50006,META,ACACIAS,Municipio
50,50110,META,BARRANCA DE UPIA,Municipio
50,50124,META,CABUYARO,Municipio
50,50150,META,CASTILLA LA NUEVA,Municipio
50,50223,META,CUBARRAL,Municipio
50,50226,META,CUMARAL,Municipio
50,50245,META,EL CALVARIO,Municipio
50,50251,META,EL CASTILLO,Municipio
50,50270,META,EL DORADO,Municipio
50,50287,META,FUENTE DE ORO,Municipio
50,50313,META,GRANADA,Municipio
50,50318,META,GUAMAL,Municipio
50,50325,META,MAPIRIPAN,Municipio
50,50330,META,MESETAS,Municipio
50,50350,META,LA MACARENA,Municipio
50,50370,META,URIBE,Municipio
50,50400,META,LEJANIAS,Municipio
50,50450,META,PUERTO CONCORDIA,Municipio
50,50568,META,PUERTO GAITAN,Municipio
50,50573,META,PUERTO LOPEZ,Municipio
50,50577,META,PUERTO LLERAS,Municipio
50,50590,META,PUERTO RICO,Municipio
50,50606,META,RESTREPO,Municipio
50,50680,META,SAN CARLOS DE GUAROA,Municipio
50,50683,META,SAN JUAN DE ARAMA,Municipio
50,50686,META,SAN JUANITO,Municipio
50,50689,META,SAN MARTIN,Municipio
50,50711,META,VISTAHERMOSA,Municipio
52,52019,NARINO,ALBAN,Municipio
52,52022,NARINO,ALDANA,Municipio
52,52036,NARINO,ANCUYA,Municipio
52,52051,NARINO,ARBOLEDA,Municipio
52,52079,NARINO,BARBACOAS,Municipio
52,52083,NARINO,BELEN,Municipio
52,52110,NARINO,BUESACO,Municipio
52,52240,NARINO,CHACHAGUI,Municipio
52,52203,NARINO,COLON,Municipio
52,52207,NARINO,CONSACA,Municipio
52,52210,NARINO,CONTADERO,Municipio
52,52215,NARINO,CORDOBA,Municipio
52,52224,NARINO,CUASPUD CARLOSAMA,Municipio
52,52227,NARINO,CUMBAL,Municipio
52,52233,NARINO,CUMBITARA,Municipio
52,52250,NARINO,EL CHARCO,Municipio
52,52254,NARINO,EL PENOL,Municipio
52,52256,NARINO,EL ROSARIO,Municipio
52,52258,NARINO,EL TABLON DE GOMEZ,Municipio
52,52260,NARINO,EL TAMBO,Municipio
52,52520,NARINO,FRANCISCO PIZARRO,Municipio
52,52287,NARINO,FUNES,Municipio
52,52317,NARINO,GUACHUCAL,Municipio
52,52320,NARINO,GUAITARILLA,Municipio
52,52323,NARINO,GUALMATAN,Municipio
52,52352,NARINO,ILES,Municipio
52,52354,NARINO,IMUES,Municipio
52,52356,NARINO,IPIALES,Municipio
52,52378,NARINO,LA CRUZ,Municipio
52,52381,NARINO,LA FLORIDA,Municipio
52,52385,NARINO,LA LLANADA,Municipio
52,52390,NARINO,LA TOLA,Municipio
52,52399,NARINO,LA UNION,Municipio
52,52405,NARINO,LEIVA,Municipio
52,52411,NARINO,LINARES,Municipio
52,52418,NARINO,LOS ANDES,Municipio
52,52427,NARINO,MAGUI,Municipio
52,52435,NARINO,MALLAMA,Municipio
52,52473,NARINO,MOSQUERA,Municipio
52,52480,NARINO,NARINO,Municipio
52,52490,NARINO,OLAYA HERRERA,Municipio
52,52506,NARINO,OSPINA,Municipio
52,52001,NARINO,PASTO,Municipio
52,52540,NARINO,POLICARPA,Municipio
52,52560,NARINO,POTOSI,Municipio
52,52565,NARINO,PROVIDENCIA,Municipio
52,52573,NARINO,PUERRES,Municipio
52,52585,NARINO,PUPIALES,Municipio
52,52612,NARINO,RICAURTE,Municipio
52,52621,NARINO,ROBERTO PAYAN,Municipio
52,52678,NARINO,SAMANIEGO,Municipio
52,52835,NARINO,SAN ANDRES DE TUMACO,Municipio
52,52685,NARINO,SAN BERNARDO,Municipio
52,52687,NARINO,SAN LORENZO,Municipio
52,52693,NARINO,SAN PABLO,Municipio
52,52694,NARINO,SAN PEDRO DE CARTAGO,Municipio
52,52683,NARINO,SANDONA,Municipio
52,52696,NARINO,SANTA BARBARA,Municipio
52,52699,NARINO,SANTACRUZ,Municipio
52,52720,NARINO,SAPUYES,Municipio
52,52786,NARINO,TAMINANGO,Municipio
52,52788,NARINO,TANGUA,Municipio
52,52838,NARINO,TUQUERRES,Municipio
52,52885,NARINO,YACUANQUER,Municipio
54,54001,NORTE DE SANTANDER,SAN JOSE DE CUCUTA,Municipio
54,54003,NORTE DE SANTANDER,ABREGO,Municipio
54,54051,NORTE DE SANTANDER,ARBOLEDAS,Municipio
54,54099,NORTE DE SANTANDER,BOCHALEMA,Municipio
54,54109,NORTE DE SANTANDER,BUCARASICA,Municipio
54,54125,NORTE DE SANTANDER,CACOTA,Municipio
54,54128,NORTE DE SANTANDER,CACHIRA,Municipio
54,54172,NORTE DE SANTANDER,CHINACOTA,Municipio
54,54174,NORTE DE SANTANDER,CHITAGA,Municipio
54,54206,NORTE DE SANTANDER,CONVENCION,Municipio
54,54223,NORTE DE SANTANDER,CUCUTILLA,Municipio
54,54239,NORTE DE SANTANDER,DURANIA,Municipio
54,54245,NORTE DE SANTANDER,EL CARMEN,Municipio
54,54250,NORTE DE SANTANDER,EL TARRA,Municipio
54,54261,NORTE DE SANTANDER,EL ZULIA,Municipio
54,54313,NORTE DE SANTANDER,GRAMALOTE,Municipio
54,54344,NORTE DE SANTANDER,HACARI,Municipio
54,54347,NORTE DE SANTANDER,HERRAN,Municipio
54,54377,NORTE DE SANTANDER,LABATECA,Municipio
54,54385,NORTE DE SANTANDER,LA ESPERANZA,Municipio
54,54398,NORTE DE SANTANDER,LA PLAYA,Municipio
54,54405,NORTE DE SANTANDER,LOS PATIOS,Municipio
54,54418,NORTE DE SANTANDER,LOURDES,Municipio
54,54480,NORTE DE SANTANDER,MUTISCUA,Municipio
54,54498,NORTE DE SANTANDER,OCANA,Municipio
54,54518,NORTE DE SANTANDER,PAMPLONA,Municipio
54,54520,NORTE DE SANTANDER,PAMPLONITA,Municipio
54,54553,NORTE DE SANTANDER,PUERTO SANTANDER,Municipio
54,54599,NORTE DE SANTANDER,RAGONVALIA,Municipio
54,54660,NORTE DE SANTANDER,SALAZAR,Municipio
54,54670,NORTE DE SANTANDER,SAN CALIXTO,Municipio
54,54673,NORTE DE SANTANDER,SAN CAYETANO,Municipio
54,54680,NORTE DE SANTANDER,SANTIAGO,Municipio
54,54720,NORTE DE SANTANDER,SARDINATA,Municipio
54,54743,NORTE DE SANTANDER,SILOS,Municipio
54,54800,NORTE DE SANTANDER,TEORAMA,Municipio
54,54810,NORTE DE SANTANDER,TIBU,Municipio
54,54820,NORTE DE SANTANDER,TOLEDO,Municipio
54,54871,NORTE DE SANTANDER,VILLA CARO,Municipio
54,54874,NORTE DE SANTANDER,VILLA DEL ROSARIO,Municipio
63,63001,QUINDIO,ARMENIA,Municipio
63,63111,QUINDIO,BUENAVISTA,Municipio
63,63130,QUINDIO,CALARCA,Municipio
63,63190,QUINDIO,CIRCASIA,Municipio
63,63212,QUINDIO,CORDOBA,Municipio
63,63272,QUINDIO,FILANDIA,Municipio
63,63302,QUINDIO,GENOVA,Municipio
63,63401,QUINDIO,LA TEBAIDA,Municipio
63,63470,QUINDIO,MONTENEGRO,Municipio
63,63548,QUINDIO,PIJAO,Municipio
63,63594,QUINDIO,QUIMBAYA,Municipio
63,63690,QUINDIO,SALENTO,Municipio
66,66001,RISARALDA,PEREIRA,Municipio
66,66045,RISARALDA,APIA,Municipio
66,66075,RISARALDA,BALBOA,Municipio
66,66088,RISARALDA,BELEN DE UMBRIA,Municipio
66,66170,RISARALDA,DOSQUEBRADAS,Municipio
66,66318,RISARALDA,GUATICA,Municipio
66,66383,RISARALDA,LA CELIA,Municipio
66,66400,RISARALDA,LA VIRGINIA,Municipio
66,66440,RISARALDA,MARSELLA,Municipio
66,66456,RISARALDA,MISTRATO,Municipio
66,66572,RISARALDA,PUEBLO RICO,Municipio
66,66594,RISARALDA,QUINCHIA,Municipio
66,66682,RISARALDA,SANTA ROSA DE CABAL,Municipio
66,66687,RISARALDA,SANTUARIO,Municipio
68,68001,SANTANDER,BUCARAMANGA,Municipio
68,68013,SANTANDER,AGUADA,Municipio
68,68020,SANTANDER,ALBANIA,Municipio
68,68051,SANTANDER,ARATOCA,Municipio
68,68077,SANTANDER,BARBOSA,Municipio
68,68079,SANTANDER,BARICHARA,Municipio
68,68081,SANTANDER,BARRANCABERMEJA,Municipio
68,68092,SANTANDER,BETULIA,Municipio
68,68101,SANTANDER,BOLIVAR,Municipio
68,68121,SANTANDER,CABRERA,Municipio
68,68132,SANTANDER,CALIFORNIA,Municipio
68,68147,SANTANDER,CAPITANEJO,Municipio
68,68152,SANTANDER,CARCASI,Municipio
68,68160,SANTANDER,CEPITA,Municipio
68,68162,SANTANDER,CERRITO,Municipio
68,68167,SANTANDER,CHARALA,Municipio
68,68169,SANTANDER,CHARTA,Municipio
68,68176,SANTANDER,CHIMA,Municipio
68,68179,SANTANDER,CHIPATA,Municipio
68,68190,SANTANDER,CIMITARRA,Municipio
68,68207,SANTANDER,CONCEPCION,Municipio
68,68209,SANTANDER,CONFINES,Municipio
68,68211,SANTANDER,CONTRATACION,Municipio
68,68217,SANTANDER,COROMORO,Municipio
68,68229,SANTANDER,CURITI,Municipio
68,68235,SANTANDER,EL CARMEN DE CHUCURI,Municipio
68,68245,SANTANDER,EL GUACAMAYO,Municipio
68,68250,SANTANDER,EL PENON,Municipio
68,68255,SANTANDER,EL PLAYON,Municipio
68,68264,SANTANDER,ENCINO,Municipio
68,68266,SANTANDER,ENCISO,Municipio
68,68271,SANTANDER,FLORIAN,Municipio
68,68276,SANTANDER,FLORIDABLANCA,Municipio
68,68296,SANTANDER,GALAN,Municipio
68,68298,SANTANDER,GAMBITA,Municipio
68,68307,SANTANDER,GIRON,Municipio
68,68318,SANTANDER,GUACA,Municipio
68,68320,SANTANDER,GUADALUPE,Municipio
68,68322,SANTANDER,GUAPOTA,Municipio
68,68324,SANTANDER,GUAVATA,Municipio
68,68327,SANTANDER,GUEPSA,Municipio
68,68344,SANTANDER,HATO,Municipio
68,68368,SANTANDER,JESUS MARIA,Municipio
68,68370,SANTANDER,JORDAN,Municipio
68,68377,SANTANDER,LA BELLEZA,Municipio
68,68385,SANTANDER,LANDAZURI,Municipio
68,68397,SANTANDER,LA PAZ,Municipio
68,68406,SANTANDER,LEBRIJA,Municipio
68,68418,SANTANDER,LOS SANTOS,Municipio
68,68425,SANTANDER,MACARAVITA,Municipio
68,68432,SANTANDER,MALAGA,Municipio
68,68444,SANTANDER,MATANZA,Municipio
68,68464,SANTANDER,MOGOTES,Municipio
68,68468,SANTANDER,MOLAGAVITA,Municipio
68,68498,SANTANDER,OCAMONTE,Municipio
68,68500,SANTANDER,OIBA,Municipio
68,68502,SANTANDER,ONZAGA,Municipio
68,68522,SANTANDER,PALMAR,Municipio
68,68524,SANTANDER,PALMAS DEL SOCORRO,Municipio
68,68533,SANTANDER,PARAMO,Municipio
68,68547,SANTANDER,PIEDECUESTA,Municipio
68,68549,SANTANDER,PINCHOTE,Municipio
68,68572,SANTANDER,PUENTE NACIONAL,Municipio
68,68573,SANTANDER,PUERTO PARRA,Municipio
68,68575,SANTANDER,PUERTO WILCHES,Municipio
68,68615,SANTANDER,RIONEGRO,Municipio
68,68655,SANTANDER,SABANA DE TORRES,Municipio
68,68669,SANTANDER,SAN ANDRES,Municipio
68,68673,SANTANDER,SAN BENITO,Municipio
68,68679,SANTANDER,SAN GIL,Municipio
68,68682,SANTANDER,SAN JOAQUIN,Municipio
68,68684,SANTANDER,SAN JOSE DE MIRANDA,Municipio
68,68686,SANTANDER,SAN MIGUEL,Municipio
68,68689,SANTANDER,SAN VICENTE DE CHUCURI,Municipio
68,68705,SANTANDER,SANTA BARBARA,Municipio
68,68720,SANTANDER,SANTA HELENA DEL OPON,Municipio
68,68745,SANTANDER,SIMACOTA,Municipio
68,68755,SANTANDER,SOCORRO,Municipio
68,68770,SANTANDER,SUAITA,Municipio
68,68773,SANTANDER,SUCRE,Municipio
68,68780,SANTANDER,SURATA,Municipio
68,68820,SANTANDER,TONA,Municipio
68,68855,SANTANDER,VALLE DE SAN JOSE,Municipio
68,68861,SANTANDER,VELEZ,Municipio
68,68867,SANTANDER,VETAS,Municipio
68,68872,SANTANDER,VILLANUEVA,Municipio
68,68895,SANTANDER,ZAPATOCA,Municipio
70,70001,SUCRE,SINCELEJO,Municipio
70,70110,SUCRE,BUENAVISTA,Municipio
70,70124,SUCRE,CAIMITO,Municipio
70,70204,SUCRE,COLOSO,Municipio
70,70215,SUCRE,COROZAL,Municipio
70,70221,SUCRE,COVENAS,Municipio
70,70230,SUCRE,CHALAN,Municipio
70,70233,SUCRE,EL ROBLE,Municipio
70,70235,SUCRE,GALERAS,Municipio
70,70265,SUCRE,GUARANDA,Municipio
70,70400,SUCRE,LA UNION,Municipio
70,70418,SUCRE,LOS PALMITOS,Municipio
70,70429,SUCRE,MAJAGUAL,Municipio
70,70473,SUCRE,MORROA,Municipio
70,70508,SUCRE,OVEJAS,Municipio
70,70523,SUCRE,PALMITO,Municipio
70,70670,SUCRE,SAMPUES,Municipio
70,70678,SUCRE,SAN BENITO ABAD,Municipio
70,70702,SUCRE,SAN JUAN DE BETULIA,Municipio
70,70708,SUCRE,SAN MARCOS,Municipio
70,70713,SUCRE,SAN ONOFRE,Municipio
70,70717,SUCRE,SAN PEDRO,Municipio
70,70742,SUCRE,SAN LUIS DE SINCE,Municipio
70,70771,SUCRE,SUCRE,Municipio
70,70820,SUCRE,SANTIAGO DE TOLU,Municipio
70,70823,SUCRE,SAN JOSE DE TOLUVIEJO,Municipio
73,73001,TOLIMA,IBAGUE,Municipio
73,73024,TOLIMA,ALPUJARRA,Municipio
73,73026,TOLIMA,ALVARADO,Municipio
73,73030,TOLIMA,AMBALEMA,Municipio
73,73043,TOLIMA,ANZOATEGUI,Municipio
73,73055,TOLIMA,ARMERO,Municipio
73,73067,TOLIMA,ATACO,Municipio
73,73124,TOLIMA,CAJAMARCA,Municipio
73,73148,TOLIMA,CARMEN DE APICALA,Municipio
73,73152,TOLIMA,CASABIANCA,Municipio
73,73168,TOLIMA,CHAPARRAL,Municipio
73,73200,TOLIMA,COELLO,Municipio
73,73217,TOLIMA,COYAIMA,Municipio
73,73226,TOLIMA,CUNDAY,Municipio
73,73236,TOLIMA,DOLORES,Municipio
73,73268,TOLIMA,ESPINAL,Municipio
73,73270,TOLIMA,FALAN,Municipio
73,73275,TOLIMA,FLANDES,Municipio
73,73283,TOLIMA,FRESNO,Municipio
73,73319,TOLIMA,GUAMO,Municipio
73,73347,TOLIMA,HERVEO,Municipio
73,73349,TOLIMA,HONDA,Municipio
73,73352,TOLIMA,ICONONZO,Municipio
73,73408,TOLIMA,LERIDA,Municipio
73,73411,TOLIMA,LIBANO,Municipio
73,73443,TOLIMA,SAN SEBASTIAN DE MARIQUITA,Municipio
73,73449,TOLIMA,MELGAR,Municipio
73,73461,TOLIMA,MURILLO,Municipio
73,73483,TOLIMA,NATAGAIMA,Municipio
73,73504,TOLIMA,ORTEGA,Municipio
73,73520,TOLIMA,PALOCABILDO,Municipio
73,73547,TOLIMA,PIEDRAS,Municipio
73,73555,TOLIMA,PLANADAS,Municipio
73,73563,TOLIMA,PRADO,Municipio
73,73585,TOLIMA,PURIFICACION,Municipio
73,73616,TOLIMA,RIOBLANCO,Municipio
73,73622,TOLIMA,RONCESVALLES,Municipio
73,73624,TOLIMA,ROVIRA,Municipio
73,73671,TOLIMA,SALDANA,Municipio
73,73675,TOLIMA,SAN ANTONIO,Municipio
73,73678,TOLIMA,SAN LUIS,Municipio
73,73686,TOLIMA,SANTA ISABEL,Municipio
73,73770,TOLIMA,SUAREZ,Municipio
73,73854,TOLIMA,VALLE DE SAN JUAN,Municipio
73,73861,TOLIMA,VENADILLO,Municipio
73,73870,TOLIMA,VILLAHERMOSA,Municipio
73,73873,TOLIMA,VILLARRICA,Municipio
76,76001,VALLE DEL CAUCA,CALI,Municipio
76,76020,VALLE DEL CAUCA,ALCALA,Municipio
76,76036,VALLE DEL CAUCA,ANDALUCIA,Municipio
76,76041,VALLE DEL CAUCA,ANSERMANUEVO,Municipio
76,76054,VALLE DEL CAUCA,ARGELIA,Municipio
76,76100,VALLE DEL CAUCA,BOLIVAR,Municipio
76,76109,VALLE DEL CAUCA,BUENAVENTURA,Municipio
76,76111,VALLE DEL CAUCA,GUADALAJARA DE BUGA,Municipio
76,76113,VALLE DEL CAUCA,BUGALAGRANDE,Municipio
76,76122,VALLE DEL CAUCA,CAICEDONIA,Municipio
76,76126,VALLE DEL CAUCA,CALIMA,Municipio
76,76130,VALLE DEL CAUCA,CANDELARIA,Municipio
76,76147,VALLE DEL CAUCA,CARTAGO,Municipio
76,76233,VALLE DEL CAUCA,DAGUA,Municipio
76,76243,VALLE DEL CAUCA,EL AGUILA,Municipio
76,76246,VALLE DEL CAUCA,EL CAIRO,Municipio
76,76248,VALLE DEL CAUCA,EL CERRITO,Municipio
76,76250,VALLE DEL CAUCA,EL DOVIO,Municipio
76,76275,VALLE DEL CAUCA,FLORIDA,Municipio
76,76306,VALLE DEL CAUCA,GINEBRA,Municipio
76,76318,VALLE DEL CAUCA,GUACARI,Municipio
76,76364,VALLE DEL CAUCA,JAMUNDI,Municipio
76,76377,VALLE DEL CAUCA,LA CUMBRE,Municipio
76,76400,VALLE DEL CAUCA,LA UNION,Municipio
76,76403,VALLE DEL CAUCA,LA VICTORIA,Municipio
76,76497,VALLE DEL CAUCA,OBANDO,Municipio
76,76520,VALLE DEL CAUCA,PALMIRA,Municipio
76,76563,VALLE DEL CAUCA,PRADERA,Municipio
76,76606,VALLE DEL CAUCA,RESTREPO,Municipio
76,76616,VALLE DEL CAUCA,RIOFRIO,Municipio
76,76622,VALLE DEL CAUCA,ROLDANILLO,Municipio
76,76670,VALLE DEL CAUCA,SAN PEDRO,Municipio
76,76736,VALLE DEL CAUCA,SEVILLA,Municipio
76,76823,VALLE DEL CAUCA,TORO,Municipio
76,76828,VALLE DEL CAUCA,TRUJILLO,Municipio
76,76834,VALLE DEL CAUCA,TULUA,Municipio
76,76845,VALLE DEL CAUCA,ULLOA,Municipio
76,76863,VALLE DEL CAUCA,VERSALLES,Municipio
76,76869,VALLE DEL CAUCA,VIJES,Municipio
76,76890,VALLE DEL CAUCA,YOTOCO,Municipio
76,76892,VALLE DEL CAUCA,YUMBO,Municipio
76,76895,VALLE DEL CAUCA,ZARZAL,Municipio
81,81001,ARAUCA,ARAUCA,Municipio
81,81065,ARAUCA,ARAUQUITA,Municipio
81,81220,ARAUCA,CRAVO NORTE,Municipio
81,81300,ARAUCA,FORTUL,Municipio
81,81591,ARAUCA,PUERTO RONDON,Municipio
81,81736,ARAUCA,SARAVENA,Municipio
81,81794,ARAUCA,TAME,Municipio
85,85001,CASANARE,YOPAL,Municipio
85,85010,CASANARE,AGUAZUL,Municipio
85,85015,CASANARE,CHAMEZA,Municipio
85,85125,CASANARE,HATO COROZAL,Municipio
85,85136,CASANARE,LA SALINA,Municipio
85,85139,CASANARE,MANI,Municipio
85,85162,CASANARE,MONTERREY,Municipio
85,85225,CASANARE,NUNCHIA,Municipio
85,85230,CASANARE,OROCUE,Municipio
85,85250,CASANARE,PAZ DE ARIPORO,Municipio
85,85263,CASANARE,PORE,Municipio
85,85279,CASANARE,RECETOR,Municipio
85,85300,CASANARE,SABANALARGA,Municipio
85,85315,CASANARE,SACAMA,Municipio
85,85325,CASANARE,SAN LUIS DE PALENQUE,Municipio
85,85400,CASANARE,TAMARA,Municipio
85,85410,CASANARE,TAURAMENA,Municipio
85,85430,CASANARE,TRINIDAD,Municipio
85,85440,CASANARE,VILLANUEVA,Municipio
86,86001,PUTUMAYO,MOCOA,Municipio
86,86219,PUTUMAYO,COLON,Municipio
86,86320,PUTUMAYO,ORITO,Municipio
86,86568,PUTUMAYO,PUERTO ASIS,Municipio
86,86569,PUTUMAYO,PUERTO CAICEDO,Municipio
86,86571,PUTUMAYO,PUERTO GUZMAN,Municipio
86,86573,PUTUMAYO,PUERTO LEGUIZAMO,Municipio
86,86749,PUTUMAYO,SIBUNDOY,Municipio
86,86755,PUTUMAYO,SAN FRANCISCO,Municipio
86,86757,PUTUMAYO,SAN MIGUEL,Municipio
86,86760,PUTUMAYO,SANTIAGO,Municipio
86,86865,PUTUMAYO,VALLE DEL GUAMUEZ,Municipio
86,86885,PUTUMAYO,VILLAGARZON,Municipio
88,88001,ARCHIPIELAGO DE SAN ANDRES. PROVIDENCIA Y SANTA CATALINA,SAN ANDRES,Isla
88,88564,ARCHIPIELAGO DE SAN ANDRES. PROVIDENCIA Y SANTA CATALINA,PROVIDENCIA,Municipio
91,91001,AMAZONAS,LETICIA,Municipio
91,91263,AMAZONAS,EL ENCANTO,Area no municipalizada
91,91405,AMAZONAS,LA CHORRERA,Area no municipalizada
91,91407,AMAZONAS,LA PEDRERA,Area no municipalizada
91,91430,AMAZONAS,LA VICTORIA,Area no municipalizada
91,91460,AMAZONAS,MIRITI - PARANA,Area no municipalizada
91,91530,AMAZONAS,PUERTO ALEGRIA,Area no municipalizada
91,91536,AMAZONAS,PUERTO ARICA,Area no municipalizada
91,91540,AMAZONAS,PUERTO NARINO,Municipio
91,91669,AMAZONAS,PUERTO SANTANDER,Area no municipalizada
91,91798,AMAZONAS,TARAPACA,Area no municipalizada
94,94001,GUAINIA,INIRIDA,Municipio
94,94343,GUAINIA,BARRANCOMINAS,Municipio
94,94883,GUAINIA,SAN FELIPE,Area no municipalizada
94,94884,GUAINIA,PUERTO COLOMBIA,Area no municipalizada
94,94885,GUAINIA,LA GUADALUPE,Area no municipalizada
94,94886,GUAINIA,CACAHUAL,Area no municipalizada
94,94887,GUAINIA,PANA PANA,Area no municipalizada
94,94888,GUAINIA,MORICHAL,Area no municipalizada
95,95001,GUAVIARE,SAN JOSE DEL GUAVIARE,Municipio
95,95015,GUAVIARE,CALAMAR,Municipio
95,95025,GUAVIARE,EL RETORNO,Municipio
95,95200,GUAVIARE,MIRAFLORES,Municipio
97,97001,VAUPES,MITU,Municipio
97,97161,VAUPES,CARURU,Municipio
97,97511,VAUPES,PACOA,Area no municipalizada
97,97666,VAUPES,TARAIRA,Municipio
97,97777,VAUPES,PAPUNAHUA,Area no municipalizada
97,97889,VAUPES,YAVARATE,Area no municipalizada
99,99001,VICHADA,PUERTO CARRENO,Municipio
99,99524,VICHADA,LA PRIMAVERA,Municipio
99,99624,VICHADA,SANTA ROSALIA,Municipio
99,99773,VICHADA,CUMARIBO,Municipio
94,94663,GUAINIA,MAPIRIPANA,Municipio
